<?xml version="1.0" encoding="iso-8859-1"?>
<mosinstall version="1.0.7" type="module">
    <name>swMenuFree</name>
    <version>5.1</version>
    <creationDate>11/06/2008</creationDate>
    <author>Sean White</author>
    <authorEmail>sean@swmenupro.com</authorEmail>
    <authorUrl>http://www.swmenupro.com</authorUrl>
    <copyright>This component is copyright www.swonline.biz</copyright>
    <license></license>
    <description>Joomla/Mambo DHTML Menu Component</description>
    <files>
        <filename module="mod_swmenufree">mod_swmenufree.php</filename>
        <filename>mod_swmenufree.xml</filename>
        <filename>mod_swmenufree/DropDownMenuX.js</filename>
        <filename>mod_swmenufree/DropDownMenuX_Packed.js</filename>
        <filename>mod_swmenufree/cache/cache.txt</filename>
        <filename>mod_swmenufree/functions.php</filename>
        <filename>mod_swmenufree/ie5.js</filename>
        <filename>mod_swmenufree/images/blank.png</filename>
        <filename>mod_swmenufree/images/transmenu/.grey-40.png</filename>
        <filename>mod_swmenufree/images/transmenu/.white-90.png</filename>
        <filename>mod_swmenufree/images/transmenu/grey-40.png</filename>
        <filename>mod_swmenufree/images/transmenu/submenu-off.gif</filename>
        <filename>mod_swmenufree/images/transmenu/submenu-on.gif</filename>
	<filename>mod_swmenufree/images/transmenu/submenuleft-off.gif</filename>
        <filename>mod_swmenufree/images/transmenu/submenuleft-on.gif</filename>
        <filename>mod_swmenufree/images/transmenu/white-90.png</filename>
        <filename>mod_swmenufree/images/transmenu/x.gif</filename>
        <filename>mod_swmenufree/styles.php</filename>
        <filename>mod_swmenufree/styles/menu.txt</filename>
        <filename>mod_swmenufree/transmenu.js</filename>
        <filename>mod_swmenufree/transmenu_Packed.js</filename>
	<filename>mod_swmenufree/menu.js</filename>
        <filename>mod_swmenufree/menu_Packed.js</filename>
    </files>
    <params />
</mosinstall>
