<?xml version="1.0" encoding="iso-8859-1"?>
<mosinstall type="module" version="4.5.2">
	<name>RSSFactory Module</name>
	<author>The Factory Team</author>
	<creationDate>March 2008</creationDate>
	<copyright>(c) The Factory 2006-2008</copyright>
	<license>(c) The Factory</license>
	<authorEmail>contact@thefactory.ro</authorEmail>
	<authorUrl>http://www.thefactory.ro</authorUrl>
	<version>1.0.5</version>
	<description>RSSFactory Module</description>
	<files>
		<filename module="mod_rssfactory">mod_rssfactory.php</filename>
	</files>
	<params>
		  <param name="moduleclass_sfx" type="text" default="" label="Module Class Suffix" description="A suffix to be applied to the css class of the module (table.moduletable), this allows individual module styling" />
		  <param name="sort_order" type="list" label="Sort Order for module">
			  <option value="">None</option>
			  <option value="1">Date</option>
			  <option value="2">Random</option>
		  </param>
		  <param name="nr_feeds" type="text" default="10" label="Nr Feeds shown in module" description="Number of feeds the module will display" />
		  <param name="nrchars" type="text" default="30" label="Show first x Characters" description="Number of characters of the feedtitle that show" />
		  <param name="show_Category" type="text" default="" label="Show only category"
			description="Displays only this RSSReader2 category in the module (is overridden by the other filters)" />
	  <param name="@spacer" type="spacer" default="" label="Display" description="" />

	  <param name="showfeeddescription" type="list" label="Show Feed Content using:">
		  <option value="table">Table</option>
		  <option value="overlib">Overlib</option>
	  </param>
	  <param name="table_view_open" type="list" label="Table always open (Just for Table view):">
		  <option value="0">No</option>
		  <option value="1">Yes</option>
	  </param>
	  <param name="hide_icon" type="list" label="Hide Feed Icon">
		  <option value="1">No</option>
		  <option value="0">Yes</option>
	  </param>
	  <param name="hide_date" type="list" label="Hide Message Date">
		  <option value="0">No</option>
		  <option value="1">Yes</option>
	  </param>
	  <param name="hide_bullet" type="list" label="Hide Mesage Bullet">
		  <option value="0">No</option>
		  <option value="1">Yes</option>
	  </param>

	  <param name="@spacer" type="spacer" default="" label="" description="" />
		<param name="adv_filter" type="radio" default="1" label="Use Advancend Filtering?"
			description="If yes, then the subsequent filters will apply">
		  <option value="0">No</option>
		  <option value="1">Yes</option>
		</param>

		<param name="catid1" type="mos_category" default="0" label="For this CONTENT Category" description="Filter 1" />
		<param name="show_Category1" type="text" default="" label="Show this RSS category"
			description="Displays only this RSSReader2 category in the module when the user browses the Content category you choose" />
		<param name="catid2" type="mos_category" default="0" label="For this CONTENT Category" description="Filter 2" />
		<param name="show_Category2" type="text" default="" label="Show this RSS category"
			description="Displays only this RSSReader2 category in the module when the user browses the Content category you choose" />
		<param name="catid3" type="mos_category" default="0" label="For this CONTENT Category" description="Filter 3" />
		<param name="show_Category3" type="text" default="" label="Show this RSS category"
			description="Displays only this RSSReader2 category in the module when the user browses the Content category you choose" />
		<param name="catid4" type="mos_category" default="0" label="For this CONTENT Category" description="Filter 4" />
		<param name="show_Category4" type="text" default="" label="Show this RSS category"
			description="Displays only this RSSReader2 category in the module when the user browses the Content category you choose" />
		<param name="catid5" type="mos_category" default="0" label="For this CONTENT Category" description="Filter 5" />
		<param name="show_Category5" type="text" default="" label="Show this RSS category"
			description="Displays only this RSSReader2 category in the module when the user browses the Content category you choose" />
		<param name="catid6" type="mos_category" default="0" label="For this CONTENT Category" description="Filter 6" />
		<param name="show_Category6" type="text" default="" label="Show this RSS category"
			description="Displays only this RSSReader2 category in the module when the user browses the Content category you choose" />
		<param name="catid7" type="mos_category" default="0" label="For this CONTENT Category" description="Filter 7" />
		<param name="show_Category7" type="text" default="" label="Show this RSS category"
			description="Displays only this RSSReader2 category in the module when the user browses the Content category you choose" />
		<param name="catid8" type="mos_category" default="0" label="For this CONTENT Category" description="Filter 8" />
		<param name="show_Category8" type="text" default="" label="Show this RSS category"
			description="Displays only this RSSReader2 category in the module when the user browses the Content category you choose" />
		<param name="catid9" type="mos_category" default="0" label="For this CONTENT Category" description="Filter 9" />
		<param name="show_Category9" type="text" default="" label="Show this RSS category"
			description="Displays only this RSSReader2 category in the module when the user browses the Content category you choose" />

	</params>
</mosinstall>