<?xml version="1.0" encoding="iso-8859-1"?>
<mosinstall version="1.0.0" type="mambot" group="search">
	<name>RSSfactory searchbot</name>
	<author>TheFactory</author>
	<creationDate>Feb 2007</creationDate>
	<copyright>(C) 2007 The Factory.</copyright>
	<license>http://www.gnu.org/copyleft/gpl.html GNU/GPL</license>
	<authorEmail>contact@thefactory.ro</authorEmail>
	<authorUrl>thefactory.ro</authorUrl>
	<version>1.0.0</version>
	<description>Allows Searching of RSSFeeds</description>
	<files>
		<filename mambot="rssfactory.searchbot">rssfactory.searchbot.php</filename>
	</files>
	<params>
		<param name="search_limit" type="text" size="5" default="50" label="Search Limit" description="Nmber of Search items to return"/>		
	</params>
</mosinstall>
