<?xml version="1.0" encoding="iso-8859-1"?>
<mosinstall version="1.0.0" type="mambot" group="search">
	<name>Pesquisador de Weblinks</name>
	<author>Joomla! Project</author>
	<creationDate>August 2004</creationDate>
	<copyright>(C) 2005 Open Source Matters. All rights reserved.</copyright>
	<license>http://www.gnu.org/copyleft/gpl.html GNU/GPL</license>
	<authorEmail>admin@joomla.org</authorEmail>
	<authorUrl>www.joomla.org</authorUrl>
    <translation>Idioma pt-br / Lena - www.facilhost.com.br</translation>
    <translationDate>27-07-2007</translationDate>
	    <version>1.0.0</version>
	<description>Permite a pesquisa no componente Weblinks</description>
	<files>
		<filename mambot="weblinks.searchbot">weblinks.searchbot.php</filename>
	</files>
	<params>
		<param name="search_limit" type="text" size="5" default="50" label="Limite de Pesquisa" description="N�mero de resultados a exibir"/>	
	</params>
</mosinstall>
