<?xml version="1.0" encoding="iso-8859-1"?>
  <mosinstall type="module">
    <name>eWeather</name>
    <creationDate>2006-05-02</creationDate>
    <author>Harald Baer</author>
    <authorEmail>info@mambobaer.de</authorEmail>
    <authorUrl>www.mambobaer.de</authorUrl>
    <copyright>(C) 2006 Harald Baer</copyright>
    <license>http://www.gnu.org/copyleft/gpl.html GNU/GPL</license>
    <version>1.1.0</version>
    <description>Shows weather forecast as a module</description>
    <files>
      <filename module="mod_eweather">mod_eweather.php</filename>
    </files>
    <params>
      <param name="moduleclass_sfx" type="text" default="" label="Module Class Suffix" description="A suffix to be applied to the css class of the module (table.moduletable), this allows individual module styling" />
    </params>
  </mosinstall>